idMso,Label,BitmapPath,PngPath,Source
AddIns,Add-ins...,E:\Sripts\Leaner tracking\Practical\Images\Access\AddIns.bmp,E:\Sripts\Leaner tracking\Practical\Images\Access\AddIns.png,Local Access VBA GetImageMso:AddInManager
AdvancedFilterOptions,AdvancedFilterOptions,E:\Sripts\Leaner tracking\Practical\Images\Access\AdvancedFilterOptions.bmp,E:\Sripts\Leaner tracking\Practical\Images\Access\AdvancedFilterOptions.png,Local Access VBA GetImageMso:SortAndFilterAdvanced
AlignCenter,Centre,E:\Sripts\Leaner tracking\Practical\Images\Access\AlignCenter.bmp,E:\Sripts\Leaner tracking\Practical\Images\Access\AlignCenter.png,Local Access VBA GetImageMso:AlignCenter
AlignLeft,Align Left,E:\Sripts\Leaner tracking\Practical\Images\Access\AlignLeft.bmp,E:\Sripts\Leaner tracking\Practical\Images\Access\AlignLeft.png,Local Access VBA GetImageMso:AlignLeft
AlignRight,Align Right,E:\Sripts\Leaner tracking\Practical\Images\Access\AlignRight.bmp,E:\Sripts\Leaner tracking\Practical\Images\Access\AlignRight.png,Local Access VBA GetImageMso:AlignRight
AnalyzePerformance,AnalyzePerformance,E:\Sripts\Leaner tracking\Practical\Images\Access\AnalyzePerformance.bmp,E:\Sripts\Leaner tracking\Practical\Images\Access\AnalyzePerformance.png,Local Access VBA GetImageMso:DatabaseAnalyzePerformance
AnalyzeTable,AnalyzeTable,E:\Sripts\Leaner tracking\Practical\Images\Access\AnalyzeTable.bmp,E:\Sripts\Leaner tracking\Practical\Images\Access\AnalyzeTable.png,Local Access VBA GetImageMso:DatabaseAnalyzeTable
Anchoring,Anchoring,E:\Sripts\Leaner tracking\Practical\Images\Access\Anchoring.bmp,E:\Sripts\Leaner tracking\Practical\Images\Access\Anchoring.png,Local Access VBA GetImageMso:ControlAdvancedProperties
ApplicationPartsGallery,ApplicationPartsGallery,E:\Sripts\Leaner tracking\Practical\Images\Access\ApplicationPartsGallery.bmp,E:\Sripts\Leaner tracking\Practical\Images\Access\ApplicationPartsGallery.png,Local Access VBA GetImageMso:CreateFormInDesignView
BackColorPicker,Shape Fill,E:\Sripts\Leaner tracking\Practical\Images\Access\BackColorPicker.bmp,E:\Sripts\Leaner tracking\Practical\Images\Access\BackColorPicker.png,Local Access VBA GetImageMso:ShapeFillColorPicker
BlankForm,BlankForm,E:\Sripts\Leaner tracking\Practical\Images\Access\BlankForm.bmp,E:\Sripts\Leaner tracking\Practical\Images\Access\BlankForm.png,Local Access VBA GetImageMso:CreateFormInDesignView
BlankReport,BlankReport,E:\Sripts\Leaner tracking\Practical\Images\Access\BlankReport.bmp,E:\Sripts\Leaner tracking\Practical\Images\Access\BlankReport.png,Local Access VBA GetImageMso:CreateReportInDesignView
Bold,Bold,E:\Sripts\Leaner tracking\Practical\Images\Access\Bold.bmp,E:\Sripts\Leaner tracking\Practical\Images\Access\Bold.png,Local Access VBA GetImageMso:Bold
Builder,Run Dialogue,E:\Sripts\Leaner tracking\Practical\Images\Access\Builder.bmp,E:\Sripts\Leaner tracking\Practical\Images\Access\Builder.png,Local Access VBA GetImageMso:RunDialog
ClassModuleInsert,ClassModuleInsert,E:\Sripts\Leaner tracking\Practical\Images\Access\ClassModuleInsert.bmp,E:\Sripts\Leaner tracking\Practical\Images\Access\ClassModuleInsert.png,Local Access VBA GetImageMso:CreateClassModule
CollectDataByEmail,CollectDataByEmail,E:\Sripts\Leaner tracking\Practical\Images\Access\CollectDataByEmail.bmp,E:\Sripts\Leaner tracking\Practical\Images\Access\CollectDataByEmail.png,Local Access VBA GetImageMso:MailMergeStart
CompactRepairDatabase,CompactRepairDatabase,E:\Sripts\Leaner tracking\Practical\Images\Access\CompactRepairDatabase.bmp,E:\Sripts\Leaner tracking\Practical\Images\Access\CompactRepairDatabase.png,Local Access VBA GetImageMso:FileCompactAndRepairDatabase
ConditionalFormatting,ConditionalFormatting,E:\Sripts\Leaner tracking\Practical\Images\Access\ConditionalFormatting.bmp,E:\Sripts\Leaner tracking\Practical\Images\Access\ConditionalFormatting.png,Local Access VBA GetImageMso:FontConditionalFormatting
ControlButton,Button,E:\Sripts\Leaner tracking\Practical\Images\Access\ControlButton.bmp,E:\Sripts\Leaner tracking\Practical\Images\Access\ControlButton.png,Local Access VBA GetImageMso:FormControlButton
ControlChart,ControlChart,E:\Sripts\Leaner tracking\Practical\Images\Access\ControlChart.bmp,E:\Sripts\Leaner tracking\Practical\Images\Access\ControlChart.png,Local Access VBA GetImageMso:ControlChart
ControlCheckBox,Checkbox,E:\Sripts\Leaner tracking\Practical\Images\Access\ControlCheckBox.bmp,E:\Sripts\Leaner tracking\Practical\Images\Access\ControlCheckBox.png,Local Access VBA GetImageMso:FormControlCheckBox
ControlComboBox,Combo Box,E:\Sripts\Leaner tracking\Practical\Images\Access\ControlComboBox.bmp,E:\Sripts\Leaner tracking\Practical\Images\Access\ControlComboBox.png,Local Access VBA GetImageMso:FormControlComboBox
ControlHyperlink,Link,E:\Sripts\Leaner tracking\Practical\Images\Access\ControlHyperlink.bmp,E:\Sripts\Leaner tracking\Practical\Images\Access\ControlHyperlink.png,Local Access VBA GetImageMso:HyperlinkInsert
ControlLabel,Label,E:\Sripts\Leaner tracking\Practical\Images\Access\ControlLabel.bmp,E:\Sripts\Leaner tracking\Practical\Images\Access\ControlLabel.png,Local Access VBA GetImageMso:FormControlLabel
ControlLayoutRemove,ControlLayoutRemove,E:\Sripts\Leaner tracking\Practical\Images\Access\ControlLayoutRemove.bmp,E:\Sripts\Leaner tracking\Practical\Images\Access\ControlLayoutRemove.png,Local Access VBA GetImageMso:ControlLayoutRemove
ControlLayoutStacked,ControlLayoutStacked,E:\Sripts\Leaner tracking\Practical\Images\Access\ControlLayoutStacked.bmp,E:\Sripts\Leaner tracking\Practical\Images\Access\ControlLayoutStacked.png,Local Access VBA GetImageMso:ControlLayoutStacked
ControlLayoutTabular,ControlLayoutTabular,E:\Sripts\Leaner tracking\Practical\Images\Access\ControlLayoutTabular.bmp,E:\Sripts\Leaner tracking\Practical\Images\Access\ControlLayoutTabular.png,Local Access VBA GetImageMso:ControlLayoutTabular
ControlLine,ControlLine,E:\Sripts\Leaner tracking\Practical\Images\Access\ControlLine.bmp,E:\Sripts\Leaner tracking\Practical\Images\Access\ControlLine.png,Local Access VBA GetImageMso:ControlLine
ControlListBox,List Box,E:\Sripts\Leaner tracking\Practical\Images\Access\ControlListBox.bmp,E:\Sripts\Leaner tracking\Practical\Images\Access\ControlListBox.png,Local Access VBA GetImageMso:FormControlListBox
ControlMargins,ControlMargins,E:\Sripts\Leaner tracking\Practical\Images\Access\ControlMargins.bmp,E:\Sripts\Leaner tracking\Practical\Images\Access\ControlMargins.png,Local Access VBA GetImageMso:ControlMarginsGallery
ControlMore,More Controls...,E:\Sripts\Leaner tracking\Practical\Images\Access\ControlMore.bmp,E:\Sripts\Leaner tracking\Practical\Images\Access\ControlMore.png,Local Access VBA GetImageMso:MoreControlsDialog
ControlNavigation,ControlNavigation,E:\Sripts\Leaner tracking\Practical\Images\Access\ControlNavigation.bmp,E:\Sripts\Leaner tracking\Practical\Images\Access\ControlNavigation.png,Local Access VBA GetImageMso:RmsNavigationBar
ControlOptionGroup,Group Box,E:\Sripts\Leaner tracking\Practical\Images\Access\ControlOptionGroup.bmp,E:\Sripts\Leaner tracking\Practical\Images\Access\ControlOptionGroup.png,Local Access VBA GetImageMso:FormControlGroupBox
ControlPadding,ControlPadding,E:\Sripts\Leaner tracking\Practical\Images\Access\ControlPadding.bmp,E:\Sripts\Leaner tracking\Practical\Images\Access\ControlPadding.png,Local Access VBA GetImageMso:GroupMarginsAndPaddingControlLayout
ControlRectangle,ControlRectangle,E:\Sripts\Leaner tracking\Practical\Images\Access\ControlRectangle.bmp,E:\Sripts\Leaner tracking\Practical\Images\Access\ControlRectangle.png,Local Access VBA GetImageMso:ControlRectangle
ControlSelect,Select Objects,E:\Sripts\Leaner tracking\Practical\Images\Access\ControlSelect.bmp,E:\Sripts\Leaner tracking\Practical\Images\Access\ControlSelect.png,Local Access VBA GetImageMso:ObjectsSelect
ControlSubformSubreport,ControlSubformSubreport,E:\Sripts\Leaner tracking\Practical\Images\Access\ControlSubformSubreport.bmp,E:\Sripts\Leaner tracking\Practical\Images\Access\ControlSubformSubreport.png,Local Access VBA GetImageMso:SubformMenu
ControlTab,ControlTab,E:\Sripts\Leaner tracking\Practical\Images\Access\ControlTab.bmp,E:\Sripts\Leaner tracking\Practical\Images\Access\ControlTab.png,Local Access VBA GetImageMso:ControlTabControl
ControlTextBox,Edit Box,E:\Sripts\Leaner tracking\Practical\Images\Access\ControlTextBox.bmp,E:\Sripts\Leaner tracking\Practical\Images\Access\ControlTextBox.png,Local Access VBA GetImageMso:FormControlEditBox
ControlWebBrowser,ControlWebBrowser,E:\Sripts\Leaner tracking\Practical\Images\Access\ControlWebBrowser.bmp,E:\Sripts\Leaner tracking\Practical\Images\Access\ControlWebBrowser.png,Local Access VBA GetImageMso:HyperlinkOpen
ConvertMacrosToVisualBasic,ConvertMacrosToVisualBasic,E:\Sripts\Leaner tracking\Practical\Images\Access\ConvertMacrosToVisualBasic.bmp,E:\Sripts\Leaner tracking\Practical\Images\Access\ConvertMacrosToVisualBasic.png,Local Access VBA GetImageMso:MacroConvertMacrosToVisualBasic
Copy,Copy,E:\Sripts\Leaner tracking\Practical\Images\Access\Copy.bmp,E:\Sripts\Leaner tracking\Practical\Images\Access\Copy.png,Local Access VBA GetImageMso:Copy
Cut,Cut,E:\Sripts\Leaner tracking\Practical\Images\Access\Cut.bmp,E:\Sripts\Leaner tracking\Practical\Images\Access\Cut.png,Local Access VBA GetImageMso:Cut
DatabaseDocumenter,DatabaseDocumenter,E:\Sripts\Leaner tracking\Practical\Images\Access\DatabaseDocumenter.bmp,E:\Sripts\Leaner tracking\Practical\Images\Access\DatabaseDocumenter.png,Local Access VBA GetImageMso:DatabaseDocumenter
DatabaseEncryptWithPassword,DatabaseEncryptWithPassword,E:\Sripts\Leaner tracking\Practical\Images\Access\DatabaseEncryptWithPassword.bmp,E:\Sripts\Leaner tracking\Practical\Images\Access\DatabaseEncryptWithPassword.png,Local Access VBA GetImageMso:SetDatabasePassword
DateTimeInsert,DateTimeInsert,E:\Sripts\Leaner tracking\Practical\Images\Access\DateTimeInsert.bmp,E:\Sripts\Leaner tracking\Practical\Images\Access\DateTimeInsert.png,Local Access VBA GetImageMso:DateAndTimeInsert
DecimalsDecrease,Decrease Decimal,E:\Sripts\Leaner tracking\Practical\Images\Access\DecimalsDecrease.bmp,E:\Sripts\Leaner tracking\Practical\Images\Access\DecimalsDecrease.png,Local Access VBA GetImageMso:DecimalsDecrease
DecimalsIncrease,Increase Decimal,E:\Sripts\Leaner tracking\Practical\Images\Access\DecimalsIncrease.bmp,E:\Sripts\Leaner tracking\Practical\Images\Access\DecimalsIncrease.png,Local Access VBA GetImageMso:DecimalsIncrease
DeleteLayoutColumn,DeleteLayoutColumn,E:\Sripts\Leaner tracking\Practical\Images\Access\DeleteLayoutColumn.bmp,E:\Sripts\Leaner tracking\Practical\Images\Access\DeleteLayoutColumn.png,Local Access VBA GetImageMso:TableDeleteColumns
DeleteLayoutRow,DeleteLayoutRow,E:\Sripts\Leaner tracking\Practical\Images\Access\DeleteLayoutRow.bmp,E:\Sripts\Leaner tracking\Practical\Images\Access\DeleteLayoutRow.png,Local Access VBA GetImageMso:TableDeleteRows
ExportAccess,ExportAccess,E:\Sripts\Leaner tracking\Practical\Images\Access\ExportAccess.bmp,E:\Sripts\Leaner tracking\Practical\Images\Access\ExportAccess.png,Local Access VBA GetImageMso:ExportAccess
ExportExcel,ExportExcel,E:\Sripts\Leaner tracking\Practical\Images\Access\ExportExcel.bmp,E:\Sripts\Leaner tracking\Practical\Images\Access\ExportExcel.png,Local Access VBA GetImageMso:ExportExcel
ExportMore,ExportMore,E:\Sripts\Leaner tracking\Practical\Images\Access\ExportMore.bmp,E:\Sripts\Leaner tracking\Practical\Images\Access\ExportMore.png,Local Access VBA GetImageMso:ExportMoreMenu
ExportText,ExportText,E:\Sripts\Leaner tracking\Practical\Images\Access\ExportText.bmp,E:\Sripts\Leaner tracking\Practical\Images\Access\ExportText.png,Local Access VBA GetImageMso:ExportTextFile
ExportXml,ExportXml,E:\Sripts\Leaner tracking\Practical\Images\Access\ExportXml.bmp,E:\Sripts\Leaner tracking\Practical\Images\Access\ExportXml.png,Local Access VBA GetImageMso:ExportXmlFile
FieldAddMenu,FieldAddMenu,E:\Sripts\Leaner tracking\Practical\Images\Access\FieldAddMenu.bmp,E:\Sripts\Leaner tracking\Practical\Images\Access\FieldAddMenu.png,Local Access VBA GetImageMso:DatasheetNewField
FieldCurrency,Accounting Number Format,E:\Sripts\Leaner tracking\Practical\Images\Access\FieldCurrency.bmp,E:\Sripts\Leaner tracking\Practical\Images\Access\FieldCurrency.png,Local Access VBA GetImageMso:AccountingFormat
FieldDataType,Data Validation...,E:\Sripts\Leaner tracking\Practical\Images\Access\FieldDataType.bmp,E:\Sripts\Leaner tracking\Practical\Images\Access\FieldDataType.png,Local Access VBA GetImageMso:DataValidation
FieldDateTime,FieldDateTime,E:\Sripts\Leaner tracking\Practical\Images\Access\FieldDateTime.bmp,E:\Sripts\Leaner tracking\Practical\Images\Access\FieldDateTime.png,Local Access VBA GetImageMso:DateAndTimeInsert
FieldDecimalPlaces,Increase Decimal,E:\Sripts\Leaner tracking\Practical\Images\Access\FieldDecimalPlaces.bmp,E:\Sripts\Leaner tracking\Practical\Images\Access\FieldDecimalPlaces.png,Local Access VBA GetImageMso:DecimalsIncrease
FieldDefaultValue,Property Sheet,E:\Sripts\Leaner tracking\Practical\Images\Access\FieldDefaultValue.bmp,E:\Sripts\Leaner tracking\Practical\Images\Access\FieldDefaultValue.png,Local Access VBA GetImageMso:PropertySheet
FieldDelete,Delete,E:\Sripts\Leaner tracking\Practical\Images\Access\FieldDelete.bmp,E:\Sripts\Leaner tracking\Practical\Images\Access\FieldDelete.png,Local Access VBA GetImageMso:Delete
FieldFormat,Format Cells...,E:\Sripts\Leaner tracking\Practical\Images\Access\FieldFormat.bmp,E:\Sripts\Leaner tracking\Practical\Images\Access\FieldFormat.png,Local Access VBA GetImageMso:FormatCellsDialog
FieldIndexed,FieldIndexed,E:\Sripts\Leaner tracking\Practical\Images\Access\FieldIndexed.bmp,E:\Sripts\Leaner tracking\Practical\Images\Access\FieldIndexed.png,Local Access VBA GetImageMso:IndexInsert
FieldList,FieldList,E:\Sripts\Leaner tracking\Practical\Images\Access\FieldList.bmp,E:\Sripts\Leaner tracking\Practical\Images\Access\FieldList.png,Local Access VBA GetImageMso:FieldList
FieldMoreFields,More Controls...,E:\Sripts\Leaner tracking\Practical\Images\Access\FieldMoreFields.bmp,E:\Sripts\Leaner tracking\Practical\Images\Access\FieldMoreFields.png,Local Access VBA GetImageMso:MoreControlsDialog
FieldNameCaption,Define Name...,E:\Sripts\Leaner tracking\Practical\Images\Access\FieldNameCaption.bmp,E:\Sripts\Leaner tracking\Practical\Images\Access\FieldNameCaption.png,Local Access VBA GetImageMso:NameDefine
FieldNumber,FieldNumber,E:\Sripts\Leaner tracking\Practical\Images\Access\FieldNumber.bmp,E:\Sripts\Leaner tracking\Practical\Images\Access\FieldNumber.png,Local Access VBA GetImageMso:Numbering
FieldRequired,Spelling...,E:\Sripts\Leaner tracking\Practical\Images\Access\FieldRequired.bmp,E:\Sripts\Leaner tracking\Practical\Images\Access\FieldRequired.png,Local Access VBA GetImageMso:Spelling
FieldShortText,FieldShortText,E:\Sripts\Leaner tracking\Practical\Images\Access\FieldShortText.bmp,E:\Sripts\Leaner tracking\Practical\Images\Access\FieldShortText.png,Local Access VBA GetImageMso:TextBoxInsert
FieldSize,FieldSize,E:\Sripts\Leaner tracking\Practical\Images\Access\FieldSize.bmp,E:\Sripts\Leaner tracking\Practical\Images\Access\FieldSize.png,Local Access VBA GetImageMso:FieldSize
FieldUnique,Lock,E:\Sripts\Leaner tracking\Practical\Images\Access\FieldUnique.bmp,E:\Sripts\Leaner tracking\Practical\Images\Access\FieldUnique.png,Local Access VBA GetImageMso:Lock
FieldValidation,Data Validation...,E:\Sripts\Leaner tracking\Practical\Images\Access\FieldValidation.bmp,E:\Sripts\Leaner tracking\Practical\Images\Access\FieldValidation.png,Local Access VBA GetImageMso:DataValidation
FieldYesNo,Checkbox,E:\Sripts\Leaner tracking\Practical\Images\Access\FieldYesNo.bmp,E:\Sripts\Leaner tracking\Practical\Images\Access\FieldYesNo.png,Local Access VBA GetImageMso:FormControlCheckBox
FilePrintQuick,Quick Print,E:\Sripts\Leaner tracking\Practical\Images\Access\FilePrintQuick.bmp,E:\Sripts\Leaner tracking\Practical\Images\Access\FilePrintQuick.png,Local Access VBA GetImageMso:FilePrintQuick
FilterBySelection,FilterBySelection,E:\Sripts\Leaner tracking\Practical\Images\Access\FilterBySelection.bmp,E:\Sripts\Leaner tracking\Practical\Images\Access\FilterBySelection.png,Local Access VBA GetImageMso:FilterBySelection
FindDialog,FindDialog,E:\Sripts\Leaner tracking\Practical\Images\Access\FindDialog.bmp,E:\Sripts\Leaner tracking\Practical\Images\Access\FindDialog.png,Local Access VBA GetImageMso:FindDialog
FontColorPicker,Font Colour,E:\Sripts\Leaner tracking\Practical\Images\Access\FontColorPicker.bmp,E:\Sripts\Leaner tracking\Practical\Images\Access\FontColorPicker.png,Local Access VBA GetImageMso:FontColorPicker
FormCreate,FormCreate,E:\Sripts\Leaner tracking\Practical\Images\Access\FormCreate.bmp,E:\Sripts\Leaner tracking\Practical\Images\Access\FormCreate.png,Local Access VBA GetImageMso:CreateFormInDesignView
FormDesign,FormDesign,E:\Sripts\Leaner tracking\Practical\Images\Access\FormDesign.bmp,E:\Sripts\Leaner tracking\Practical\Images\Access\FormDesign.png,Local Access VBA GetImageMso:CreateFormInDesignView
FormWizard,FormWizard,E:\Sripts\Leaner tracking\Practical\Images\Access\FormWizard.bmp,E:\Sripts\Leaner tracking\Practical\Images\Access\FormWizard.png,Local Access VBA GetImageMso:AccessFormWizard
FormatPainter,Format Painter,E:\Sripts\Leaner tracking\Practical\Images\Access\FormatPainter.bmp,E:\Sripts\Leaner tracking\Practical\Images\Access\FormatPainter.png,Local Access VBA GetImageMso:FormatPainter
GoToMenu,GoToMenu,E:\Sripts\Leaner tracking\Practical\Images\Access\GoToMenu.bmp,E:\Sripts\Leaner tracking\Practical\Images\Access\GoToMenu.png,Local Access VBA GetImageMso:GoToMenu
GridlinesMenu,GridlinesMenu,E:\Sripts\Leaner tracking\Practical\Images\Access\GridlinesMenu.bmp,E:\Sripts\Leaner tracking\Practical\Images\Access\GridlinesMenu.png,Local Access VBA GetImageMso:GridlinesMenu
GroupSortTotal,GroupSortTotal,E:\Sripts\Leaner tracking\Practical\Images\Access\GroupSortTotal.bmp,E:\Sripts\Leaner tracking\Practical\Images\Access\GroupSortTotal.png,Local Access VBA GetImageMso:RecordsTotals
ImportAccess,ImportAccess,E:\Sripts\Leaner tracking\Practical\Images\Access\ImportAccess.bmp,E:\Sripts\Leaner tracking\Practical\Images\Access\ImportAccess.png,Local Access VBA GetImageMso:ImportAccess
ImportExcel,ImportExcel,E:\Sripts\Leaner tracking\Practical\Images\Access\ImportExcel.bmp,E:\Sripts\Leaner tracking\Practical\Images\Access\ImportExcel.png,Local Access VBA GetImageMso:ImportExcel
ImportMore,ImportMore,E:\Sripts\Leaner tracking\Practical\Images\Access\ImportMore.bmp,E:\Sripts\Leaner tracking\Practical\Images\Access\ImportMore.png,Local Access VBA GetImageMso:ImportMoreMenu
ImportNewDataSource,ImportNewDataSource,E:\Sripts\Leaner tracking\Practical\Images\Access\ImportNewDataSource.bmp,E:\Sripts\Leaner tracking\Practical\Images\Access\ImportNewDataSource.png,Local Access VBA GetImageMso:DatabaseInsert
ImportODBC,ImportODBC,E:\Sripts\Leaner tracking\Practical\Images\Access\ImportODBC.bmp,E:\Sripts\Leaner tracking\Practical\Images\Access\ImportODBC.png,Local Access VBA GetImageMso:DatabaseInsert
ImportText,ImportText,E:\Sripts\Leaner tracking\Practical\Images\Access\ImportText.bmp,E:\Sripts\Leaner tracking\Practical\Images\Access\ImportText.png,Local Access VBA GetImageMso:ImportTextFile
ImportXml,ImportXml,E:\Sripts\Leaner tracking\Practical\Images\Access\ImportXml.bmp,E:\Sripts\Leaner tracking\Practical\Images\Access\ImportXml.png,Local Access VBA GetImageMso:ImportXmlFile
Indexes,Indexes,E:\Sripts\Leaner tracking\Practical\Images\Access\Indexes.bmp,E:\Sripts\Leaner tracking\Practical\Images\Access\Indexes.png,Local Access VBA GetImageMso:IndexInsert
InsertColumnLeft,InsertColumnLeft,E:\Sripts\Leaner tracking\Practical\Images\Access\InsertColumnLeft.bmp,E:\Sripts\Leaner tracking\Practical\Images\Access\InsertColumnLeft.png,Local Access VBA GetImageMso:InsertColumnLeft
InsertColumnRight,InsertColumnRight,E:\Sripts\Leaner tracking\Practical\Images\Access\InsertColumnRight.bmp,E:\Sripts\Leaner tracking\Practical\Images\Access\InsertColumnRight.png,Local Access VBA GetImageMso:InsertColumnRight
InsertRowAbove,InsertRowAbove,E:\Sripts\Leaner tracking\Practical\Images\Access\InsertRowAbove.bmp,E:\Sripts\Leaner tracking\Practical\Images\Access\InsertRowAbove.png,Local Access VBA GetImageMso:InsertRowAbove
InsertRowBelow,InsertRowBelow,E:\Sripts\Leaner tracking\Practical\Images\Access\InsertRowBelow.bmp,E:\Sripts\Leaner tracking\Practical\Images\Access\InsertRowBelow.png,Local Access VBA GetImageMso:InsertRowBelow
Italic,Italic,E:\Sripts\Leaner tracking\Practical\Images\Access\Italic.bmp,E:\Sripts\Leaner tracking\Practical\Images\Access\Italic.png,Local Access VBA GetImageMso:Italic
LabelWizard,LabelWizard,E:\Sripts\Leaner tracking\Practical\Images\Access\LabelWizard.bmp,E:\Sripts\Leaner tracking\Practical\Images\Access\LabelWizard.png,Local Access VBA GetImageMso:LabelsDialog
LogoInsert,Pictures...,E:\Sripts\Leaner tracking\Practical\Images\Access\LogoInsert.bmp,E:\Sripts\Leaner tracking\Practical\Images\Access\LogoInsert.png,Local Access VBA GetImageMso:PictureInsertFromFile
MacroActionCatalog,MacroActionCatalog,E:\Sripts\Leaner tracking\Practical\Images\Access\MacroActionCatalog.bmp,E:\Sripts\Leaner tracking\Practical\Images\Access\MacroActionCatalog.png,Local Access VBA GetImageMso:MacroDefault
MacroCollapseActions,MacroCollapseActions,E:\Sripts\Leaner tracking\Practical\Images\Access\MacroCollapseActions.bmp,E:\Sripts\Leaner tracking\Practical\Images\Access\MacroCollapseActions.png,Local Access VBA GetImageMso:OutlineCollapse
MacroCollapseAll,MacroCollapseAll,E:\Sripts\Leaner tracking\Practical\Images\Access\MacroCollapseAll.bmp,E:\Sripts\Leaner tracking\Practical\Images\Access\MacroCollapseAll.png,Local Access VBA GetImageMso:OutlineCollapse
MacroCreate,MacroCreate,E:\Sripts\Leaner tracking\Practical\Images\Access\MacroCreate.bmp,E:\Sripts\Leaner tracking\Practical\Images\Access\MacroCreate.png,Local Access VBA GetImageMso:CreateMacro
MacroExpandActions,MacroExpandActions,E:\Sripts\Leaner tracking\Practical\Images\Access\MacroExpandActions.bmp,E:\Sripts\Leaner tracking\Practical\Images\Access\MacroExpandActions.png,Local Access VBA GetImageMso:OutlineExpand
MacroExpandAll,MacroExpandAll,E:\Sripts\Leaner tracking\Practical\Images\Access\MacroExpandAll.bmp,E:\Sripts\Leaner tracking\Practical\Images\Access\MacroExpandAll.png,Local Access VBA GetImageMso:OutlineExpandAll
MacroRun,MacroRun,E:\Sripts\Leaner tracking\Practical\Images\Access\MacroRun.bmp,E:\Sripts\Leaner tracking\Practical\Images\Access\MacroRun.png,Local Access VBA GetImageMso:MacroRun
MacroShowAllActions,MacroShowAllActions,E:\Sripts\Leaner tracking\Practical\Images\Access\MacroShowAllActions.bmp,E:\Sripts\Leaner tracking\Practical\Images\Access\MacroShowAllActions.png,Local Access VBA GetImageMso:MacroShowAllActions
MacroSingleStep,MacroSingleStep,E:\Sripts\Leaner tracking\Practical\Images\Access\MacroSingleStep.bmp,E:\Sripts\Leaner tracking\Practical\Images\Access\MacroSingleStep.png,Local Access VBA GetImageMso:MacroSingleStep
ManageDataCollectionMessages,ManageDataCollectionMessages,E:\Sripts\Leaner tracking\Practical\Images\Access\ManageDataCollectionMessages.bmp,E:\Sripts\Leaner tracking\Practical\Images\Access\ManageDataCollectionMessages.png,Local Access VBA GetImageMso:CreateEmail
ModuleInsert,ModuleInsert,E:\Sripts\Leaner tracking\Practical\Images\Access\ModuleInsert.bmp,E:\Sripts\Leaner tracking\Practical\Images\Access\ModuleInsert.png,Local Access VBA GetImageMso:ModuleInsert
MoreFormsGallery,MoreFormsGallery,E:\Sripts\Leaner tracking\Practical\Images\Access\MoreFormsGallery.bmp,E:\Sripts\Leaner tracking\Practical\Images\Access\MoreFormsGallery.png,Local Access VBA GetImageMso:CreateFormMoreFormsGallery
MoveToAccessDatabase,MoveToAccessDatabase,E:\Sripts\Leaner tracking\Practical\Images\Access\MoveToAccessDatabase.bmp,E:\Sripts\Leaner tracking\Practical\Images\Access\MoveToAccessDatabase.png,Local Access VBA GetImageMso:ExportAccess
MoveToSharePoint,MoveToSharePoint,E:\Sripts\Leaner tracking\Practical\Images\Access\MoveToSharePoint.bmp,E:\Sripts\Leaner tracking\Practical\Images\Access\MoveToSharePoint.png,Local Access VBA GetImageMso:FilePublishToSharePoint
NavigationFormGallery,NavigationFormGallery,E:\Sripts\Leaner tracking\Practical\Images\Access\NavigationFormGallery.bmp,E:\Sripts\Leaner tracking\Practical\Images\Access\NavigationFormGallery.png,Local Access VBA GetImageMso:RmsNavigationBar
PageMarginsGallery,Margins,E:\Sripts\Leaner tracking\Practical\Images\Access\PageMarginsGallery.bmp,E:\Sripts\Leaner tracking\Practical\Images\Access\PageMarginsGallery.png,Local Access VBA GetImageMso:PageMarginsGallery
PageNumbersInsert,PageNumbersInsert,E:\Sripts\Leaner tracking\Practical\Images\Access\PageNumbersInsert.bmp,E:\Sripts\Leaner tracking\Practical\Images\Access\PageNumbersInsert.png,Local Access VBA GetImageMso:HeaderFooterPageNumberInsert
PageOrientationLandscape,PageOrientationLandscape,E:\Sripts\Leaner tracking\Practical\Images\Access\PageOrientationLandscape.bmp,E:\Sripts\Leaner tracking\Practical\Images\Access\PageOrientationLandscape.png,Local Access VBA GetImageMso:PageOrientationLandscape
PageOrientationPortrait,PageOrientationPortrait,E:\Sripts\Leaner tracking\Practical\Images\Access\PageOrientationPortrait.bmp,E:\Sripts\Leaner tracking\Practical\Images\Access\PageOrientationPortrait.png,Local Access VBA GetImageMso:PageOrientationPortrait
PageSetupDialog,PageSetupDialog,E:\Sripts\Leaner tracking\Practical\Images\Access\PageSetupDialog.bmp,E:\Sripts\Leaner tracking\Practical\Images\Access\PageSetupDialog.png,Local Access VBA GetImageMso:PageSetupDialog
PageSizeGallery,Size,E:\Sripts\Leaner tracking\Practical\Images\Access\PageSizeGallery.bmp,E:\Sripts\Leaner tracking\Practical\Images\Access\PageSizeGallery.png,Local Access VBA GetImageMso:PageSizeGallery
Paste,Paste,E:\Sripts\Leaner tracking\Practical\Images\Access\Paste.bmp,E:\Sripts\Leaner tracking\Practical\Images\Access\Paste.png,Local Access VBA GetImageMso:Paste
PrimaryKey,PrimaryKey,E:\Sripts\Leaner tracking\Practical\Images\Access\PrimaryKey.bmp,E:\Sripts\Leaner tracking\Practical\Images\Access\PrimaryKey.png,Local Access VBA GetImageMso:AdpPrimaryKey
PrintPreviewClose,Close Print Preview,E:\Sripts\Leaner tracking\Practical\Images\Access\PrintPreviewClose.bmp,E:\Sripts\Leaner tracking\Practical\Images\Access\PrintPreviewClose.png,Local Access VBA GetImageMso:PrintPreviewClose
PropertySheet,Property Sheet,E:\Sripts\Leaner tracking\Practical\Images\Access\PropertySheet.bmp,E:\Sripts\Leaner tracking\Practical\Images\Access\PropertySheet.png,Local Access VBA GetImageMso:PropertySheet
PublishToPdfOrEdoc,PublishToPdfOrEdoc,E:\Sripts\Leaner tracking\Practical\Images\Access\PublishToPdfOrEdoc.bmp,E:\Sripts\Leaner tracking\Practical\Images\Access\PublishToPdfOrEdoc.png,Local Access VBA GetImageMso:PublishToPdfOrEdoc
QueryDeleteRows,QueryDeleteRows,E:\Sripts\Leaner tracking\Practical\Images\Access\QueryDeleteRows.bmp,E:\Sripts\Leaner tracking\Practical\Images\Access\QueryDeleteRows.png,Local Access VBA GetImageMso:QueryDelete
QueryDesign,QueryDesign,E:\Sripts\Leaner tracking\Practical\Images\Access\QueryDesign.bmp,E:\Sripts\Leaner tracking\Practical\Images\Access\QueryDesign.png,Local Access VBA GetImageMso:CreateQueryInDesignView
QueryInsertRows,QueryInsertRows,E:\Sripts\Leaner tracking\Practical\Images\Access\QueryInsertRows.bmp,E:\Sripts\Leaner tracking\Practical\Images\Access\QueryInsertRows.png,Local Access VBA GetImageMso:QueryAppend
QueryParameters,Parameters,E:\Sripts\Leaner tracking\Practical\Images\Access\QueryParameters.bmp,E:\Sripts\Leaner tracking\Practical\Images\Access\QueryParameters.png,Local Access VBA GetImageMso:QueryParameters
QueryReturn,QueryReturn,E:\Sripts\Leaner tracking\Practical\Images\Access\QueryReturn.bmp,E:\Sripts\Leaner tracking\Practical\Images\Access\QueryReturn.png,Local Access VBA GetImageMso:QueryReturnGallery
QueryRun,QueryRun,E:\Sripts\Leaner tracking\Practical\Images\Access\QueryRun.bmp,E:\Sripts\Leaner tracking\Practical\Images\Access\QueryRun.png,Local Access VBA GetImageMso:QueryRunQuery
QueryShowTable,QueryShowTable,E:\Sripts\Leaner tracking\Practical\Images\Access\QueryShowTable.bmp,E:\Sripts\Leaner tracking\Practical\Images\Access\QueryShowTable.png,Local Access VBA GetImageMso:QueryShowTable
QueryTableNames,QueryTableNames,E:\Sripts\Leaner tracking\Practical\Images\Access\QueryTableNames.bmp,E:\Sripts\Leaner tracking\Practical\Images\Access\QueryTableNames.png,Local Access VBA GetImageMso:QueryTableNamesShowHide
QueryTotals,QueryTotals,E:\Sripts\Leaner tracking\Practical\Images\Access\QueryTotals.bmp,E:\Sripts\Leaner tracking\Practical\Images\Access\QueryTotals.png,Local Access VBA GetImageMso:QueryTotalsShowHide
QueryTypeAppend,QueryTypeAppend,E:\Sripts\Leaner tracking\Practical\Images\Access\QueryTypeAppend.bmp,E:\Sripts\Leaner tracking\Practical\Images\Access\QueryTypeAppend.png,Local Access VBA GetImageMso:QueryAppend
QueryTypeCrosstab,QueryTypeCrosstab,E:\Sripts\Leaner tracking\Practical\Images\Access\QueryTypeCrosstab.bmp,E:\Sripts\Leaner tracking\Practical\Images\Access\QueryTypeCrosstab.png,Local Access VBA GetImageMso:QueryCrosstab
QueryTypeDataDefinition,QueryTypeDataDefinition,E:\Sripts\Leaner tracking\Practical\Images\Access\QueryTypeDataDefinition.bmp,E:\Sripts\Leaner tracking\Practical\Images\Access\QueryTypeDataDefinition.png,Local Access VBA GetImageMso:QueryDataDefinition
QueryTypeDelete,QueryTypeDelete,E:\Sripts\Leaner tracking\Practical\Images\Access\QueryTypeDelete.bmp,E:\Sripts\Leaner tracking\Practical\Images\Access\QueryTypeDelete.png,Local Access VBA GetImageMso:QueryDelete
QueryTypeMakeTable,QueryTypeMakeTable,E:\Sripts\Leaner tracking\Practical\Images\Access\QueryTypeMakeTable.bmp,E:\Sripts\Leaner tracking\Practical\Images\Access\QueryTypeMakeTable.png,Local Access VBA GetImageMso:QueryMakeTable
QueryTypePassThrough,QueryTypePassThrough,E:\Sripts\Leaner tracking\Practical\Images\Access\QueryTypePassThrough.bmp,E:\Sripts\Leaner tracking\Practical\Images\Access\QueryTypePassThrough.png,Local Access VBA GetImageMso:QuerySqlPassThroughQuery
QueryTypeSelect,QueryTypeSelect,E:\Sripts\Leaner tracking\Practical\Images\Access\QueryTypeSelect.bmp,E:\Sripts\Leaner tracking\Practical\Images\Access\QueryTypeSelect.png,Local Access VBA GetImageMso:QuerySelectQueryType
QueryTypeUnion,QueryTypeUnion,E:\Sripts\Leaner tracking\Practical\Images\Access\QueryTypeUnion.bmp,E:\Sripts\Leaner tracking\Practical\Images\Access\QueryTypeUnion.png,Local Access VBA GetImageMso:QueryUnionQuery
QueryTypeUpdate,QueryTypeUpdate,E:\Sripts\Leaner tracking\Practical\Images\Access\QueryTypeUpdate.bmp,E:\Sripts\Leaner tracking\Practical\Images\Access\QueryTypeUpdate.png,Local Access VBA GetImageMso:QueryUpdate
QueryWizard,QueryWizard,E:\Sripts\Leaner tracking\Practical\Images\Access\QueryWizard.bmp,E:\Sripts\Leaner tracking\Practical\Images\Access\QueryWizard.png,Local Access VBA GetImageMso:CreateQueryFromWizard
RecordsDeleteRecord,RecordsDeleteRecord,E:\Sripts\Leaner tracking\Practical\Images\Access\RecordsDeleteRecord.bmp,E:\Sripts\Leaner tracking\Practical\Images\Access\RecordsDeleteRecord.png,Local Access VBA GetImageMso:RecordsDeleteRecord
RecordsMoreMenu,RecordsMoreMenu,E:\Sripts\Leaner tracking\Practical\Images\Access\RecordsMoreMenu.bmp,E:\Sripts\Leaner tracking\Practical\Images\Access\RecordsMoreMenu.png,Local Access VBA GetImageMso:RecordsMoreRecordsMenu
RecordsNewRecord,RecordsNewRecord,E:\Sripts\Leaner tracking\Practical\Images\Access\RecordsNewRecord.bmp,E:\Sripts\Leaner tracking\Practical\Images\Access\RecordsNewRecord.png,Local Access VBA GetImageMso:GoToNewRecord
RecordsSaveRecord,RecordsSaveRecord,E:\Sripts\Leaner tracking\Practical\Images\Access\RecordsSaveRecord.bmp,E:\Sripts\Leaner tracking\Practical\Images\Access\RecordsSaveRecord.png,Local Access VBA GetImageMso:RecordsSaveRecord
RefreshAll,Refresh All,E:\Sripts\Leaner tracking\Practical\Images\Access\RefreshAll.bmp,E:\Sripts\Leaner tracking\Practical\Images\Access\RefreshAll.png,Local Access VBA GetImageMso:RefreshAll
Relationships,Relationships,E:\Sripts\Leaner tracking\Practical\Images\Access\Relationships.bmp,E:\Sripts\Leaner tracking\Practical\Images\Access\Relationships.png,Local Access VBA GetImageMso:DatabaseRelationships
RemoveSort,RemoveSort,E:\Sripts\Leaner tracking\Practical\Images\Access\RemoveSort.bmp,E:\Sripts\Leaner tracking\Practical\Images\Access\RemoveSort.png,Local Access VBA GetImageMso:SortRemoveAllSorts
ReplaceDialog,Replace...,E:\Sripts\Leaner tracking\Practical\Images\Access\ReplaceDialog.bmp,E:\Sripts\Leaner tracking\Practical\Images\Access\ReplaceDialog.png,Local Access VBA GetImageMso:ReplaceDialog
ReportCreate,ReportCreate,E:\Sripts\Leaner tracking\Practical\Images\Access\ReportCreate.bmp,E:\Sripts\Leaner tracking\Practical\Images\Access\ReportCreate.png,Local Access VBA GetImageMso:CreateReportInDesignView
ReportDesign,ReportDesign,E:\Sripts\Leaner tracking\Practical\Images\Access\ReportDesign.bmp,E:\Sripts\Leaner tracking\Practical\Images\Access\ReportDesign.png,Local Access VBA GetImageMso:CreateReportInDesignView
ReportWizard,ReportWizard,E:\Sripts\Leaner tracking\Practical\Images\Access\ReportWizard.bmp,E:\Sripts\Leaner tracking\Practical\Images\Access\ReportWizard.png,Local Access VBA GetImageMso:CreateReportFromWizard
SavedExports,SavedExports,E:\Sripts\Leaner tracking\Practical\Images\Access\SavedExports.bmp,E:\Sripts\Leaner tracking\Practical\Images\Access\SavedExports.png,Local Access VBA GetImageMso:ExportSavedExports
SavedImports,SavedImports,E:\Sripts\Leaner tracking\Practical\Images\Access\SavedImports.bmp,E:\Sripts\Leaner tracking\Practical\Images\Access\SavedImports.png,Local Access VBA GetImageMso:ImportMoreMenu
SelectLayout,SelectLayout,E:\Sripts\Leaner tracking\Practical\Images\Access\SelectLayout.bmp,E:\Sripts\Leaner tracking\Practical\Images\Access\SelectLayout.png,Local Access VBA GetImageMso:SelectLayout
SelectMenu,SelectMenu,E:\Sripts\Leaner tracking\Practical\Images\Access\SelectMenu.bmp,E:\Sripts\Leaner tracking\Practical\Images\Access\SelectMenu.png,Local Access VBA GetImageMso:SelectMenu
SendObjectAsEmailAttachment,Email as PDF Attachment,E:\Sripts\Leaner tracking\Practical\Images\Access\SendObjectAsEmailAttachment.bmp,E:\Sripts\Leaner tracking\Practical\Images\Access\SendObjectAsEmailAttachment.png,Local Access VBA GetImageMso:FileEmailAsPdfEmailAttachment
ShapeFillColorPicker,Shape Fill,E:\Sripts\Leaner tracking\Practical\Images\Access\ShapeFillColorPicker.bmp,E:\Sripts\Leaner tracking\Practical\Images\Access\ShapeFillColorPicker.png,Local Access VBA GetImageMso:ShapeFillColorPicker
ShapeOutlineColorPicker,Picture Border,E:\Sripts\Leaner tracking\Practical\Images\Access\ShapeOutlineColorPicker.bmp,E:\Sripts\Leaner tracking\Practical\Images\Access\ShapeOutlineColorPicker.png,Local Access VBA GetImageMso:ShapeOutlineColorPicker
SharePointLists,SharePointLists,E:\Sripts\Leaner tracking\Practical\Images\Access\SharePointLists.bmp,E:\Sripts\Leaner tracking\Practical\Images\Access\SharePointLists.png,Local Access VBA GetImageMso:ImportSharePointList
SortAscending,Sort Ascending,E:\Sripts\Leaner tracking\Practical\Images\Access\SortAscending.bmp,E:\Sripts\Leaner tracking\Practical\Images\Access\SortAscending.png,Local Access VBA GetImageMso:SortAscendingExcel
SortDescending,Sort Descending,E:\Sripts\Leaner tracking\Practical\Images\Access\SortDescending.bmp,E:\Sripts\Leaner tracking\Practical\Images\Access\SortDescending.png,Local Access VBA GetImageMso:SortDescendingExcel
Spelling,Spelling...,E:\Sripts\Leaner tracking\Practical\Images\Access\Spelling.bmp,E:\Sripts\Leaner tracking\Practical\Images\Access\Spelling.png,Local Access VBA GetImageMso:Spelling
TabOrder,Tab Order...,E:\Sripts\Leaner tracking\Practical\Images\Access\TabOrder.bmp,E:\Sripts\Leaner tracking\Practical\Images\Access\TabOrder.png,Local Access VBA GetImageMso:TabOrder
TableAfterDeleteMacro,TableAfterDeleteMacro,E:\Sripts\Leaner tracking\Practical\Images\Access\TableAfterDeleteMacro.bmp,E:\Sripts\Leaner tracking\Practical\Images\Access\TableAfterDeleteMacro.png,Local Access VBA GetImageMso:MacroDefault
TableAfterInsertMacro,TableAfterInsertMacro,E:\Sripts\Leaner tracking\Practical\Images\Access\TableAfterInsertMacro.bmp,E:\Sripts\Leaner tracking\Practical\Images\Access\TableAfterInsertMacro.png,Local Access VBA GetImageMso:MacroDefault
TableAfterUpdateMacro,TableAfterUpdateMacro,E:\Sripts\Leaner tracking\Practical\Images\Access\TableAfterUpdateMacro.bmp,E:\Sripts\Leaner tracking\Practical\Images\Access\TableAfterUpdateMacro.png,Local Access VBA GetImageMso:MacroDefault
TableBeforeChangeMacro,TableBeforeChangeMacro,E:\Sripts\Leaner tracking\Practical\Images\Access\TableBeforeChangeMacro.bmp,E:\Sripts\Leaner tracking\Practical\Images\Access\TableBeforeChangeMacro.png,Local Access VBA GetImageMso:MacroDefault
TableBeforeDeleteMacro,TableBeforeDeleteMacro,E:\Sripts\Leaner tracking\Practical\Images\Access\TableBeforeDeleteMacro.bmp,E:\Sripts\Leaner tracking\Practical\Images\Access\TableBeforeDeleteMacro.png,Local Access VBA GetImageMso:MacroDefault
TableCreate,TableCreate,E:\Sripts\Leaner tracking\Practical\Images\Access\TableCreate.bmp,E:\Sripts\Leaner tracking\Practical\Images\Access\TableCreate.png,Local Access VBA GetImageMso:CreateTableInDesignView
TableDescription,TableDescription,E:\Sripts\Leaner tracking\Practical\Images\Access\TableDescription.bmp,E:\Sripts\Leaner tracking\Practical\Images\Access\TableDescription.png,Local Access VBA GetImageMso:FileDatabaseProperties
TableDesign,TableDesign,E:\Sripts\Leaner tracking\Practical\Images\Access\TableDesign.bmp,E:\Sripts\Leaner tracking\Practical\Images\Access\TableDesign.png,Local Access VBA GetImageMso:TableDesign
TableName,Table Name:,E:\Sripts\Leaner tracking\Practical\Images\Access\TableName.bmp,E:\Sripts\Leaner tracking\Practical\Images\Access\TableName.png,Local Access VBA GetImageMso:TableName
TestValidationRules,TestValidationRules,E:\Sripts\Leaner tracking\Practical\Images\Access\TestValidationRules.bmp,E:\Sripts\Leaner tracking\Practical\Images\Access\TestValidationRules.png,Local Access VBA GetImageMso:TableTestValidationRules
ThemeColorsGallery,Colours,E:\Sripts\Leaner tracking\Practical\Images\Access\ThemeColorsGallery.bmp,E:\Sripts\Leaner tracking\Practical\Images\Access\ThemeColorsGallery.png,Local Access VBA GetImageMso:ThemeColorsGallery
ThemeFontsGallery,Fonts,E:\Sripts\Leaner tracking\Practical\Images\Access\ThemeFontsGallery.bmp,E:\Sripts\Leaner tracking\Practical\Images\Access\ThemeFontsGallery.png,Local Access VBA GetImageMso:ThemeFontsGallery
ThemesGallery,Themes,E:\Sripts\Leaner tracking\Practical\Images\Access\ThemesGallery.bmp,E:\Sripts\Leaner tracking\Practical\Images\Access\ThemesGallery.png,Local Access VBA GetImageMso:ThemesGallery
TitleInsert,TitleInsert,E:\Sripts\Leaner tracking\Practical\Images\Access\TitleInsert.bmp,E:\Sripts\Leaner tracking\Practical\Images\Access\TitleInsert.png,Local Access VBA GetImageMso:ControlTitle
ToggleFilter,ToggleFilter,E:\Sripts\Leaner tracking\Practical\Images\Access\ToggleFilter.bmp,E:\Sripts\Leaner tracking\Practical\Images\Access\ToggleFilter.png,Local Access VBA GetImageMso:FilterToggleFilter
Totals,Sum,E:\Sripts\Leaner tracking\Practical\Images\Access\Totals.bmp,E:\Sripts\Leaner tracking\Practical\Images\Access\Totals.png,Local Access VBA GetImageMso:AutoSum
Underline,Underline,E:\Sripts\Leaner tracking\Practical\Images\Access\Underline.bmp,E:\Sripts\Leaner tracking\Practical\Images\Access\Underline.png,Local Access VBA GetImageMso:Underline
ViewCode,View Code,E:\Sripts\Leaner tracking\Practical\Images\Access\ViewCode.bmp,E:\Sripts\Leaner tracking\Practical\Images\Access\ViewCode.png,Local Access VBA GetImageMso:ViewCode
ViewMenu,ViewMenu,E:\Sripts\Leaner tracking\Practical\Images\Access\ViewMenu.bmp,E:\Sripts\Leaner tracking\Practical\Images\Access\ViewMenu.png,Local Access VBA GetImageMso:ViewMenu
ViewMultiplePages,ViewMultiplePages,E:\Sripts\Leaner tracking\Practical\Images\Access\ViewMultiplePages.bmp,E:\Sripts\Leaner tracking\Practical\Images\Access\ViewMultiplePages.png,Local Access VBA GetImageMso:MultiplePages
ViewOnePage,ViewOnePage,E:\Sripts\Leaner tracking\Practical\Images\Access\ViewOnePage.bmp,E:\Sripts\Leaner tracking\Practical\Images\Access\ViewOnePage.png,Local Access VBA GetImageMso:ZoomOnePage
ViewTwoPages,ViewTwoPages,E:\Sripts\Leaner tracking\Practical\Images\Access\ViewTwoPages.bmp,E:\Sripts\Leaner tracking\Practical\Images\Access\ViewTwoPages.png,Local Access VBA GetImageMso:ViewTwoPages
VisualBasic,Visual Basic,E:\Sripts\Leaner tracking\Practical\Images\Access\VisualBasic.bmp,E:\Sripts\Leaner tracking\Practical\Images\Access\VisualBasic.png,Local Access VBA GetImageMso:VisualBasic
WordMailMerge,WordMailMerge,E:\Sripts\Leaner tracking\Practical\Images\Access\WordMailMerge.bmp,E:\Sripts\Leaner tracking\Practical\Images\Access\WordMailMerge.png,Local Access VBA GetImageMso:MailMergeStart
ZoomDialog,Zoom...,E:\Sripts\Leaner tracking\Practical\Images\Access\ZoomDialog.bmp,E:\Sripts\Leaner tracking\Practical\Images\Access\ZoomDialog.png,Local Access VBA GetImageMso:ZoomDialog
